name_a,name_b,canonical_a,canonical_b,fuzzy_ratio,n_shared_coauthors,shared_coauthors
Shirley Moore,Shirley V. Moore,shirley moore,shirley moore,1.0,0,
Md. Masudur Rahman 0001,Md. Rayhanur Rahman,md. rahman,md. rahman,1.0,0,
Md. Masudur Rahman 0001,Md. Rezaur Rahman,md. rahman,md. rahman,1.0,0,
Md. Rayhanur Rahman,Md. Rezaur Rahman,md. rahman,md. rahman,1.0,0,
Jie M. Zhang,Jie Zhang 0050,jie zhang,jie zhang,1.0,0,
Jie M. Zhang,Jie Zhang 0084,jie zhang,jie zhang,1.0,0,
Yu David Liu,Yu Liu,yu liu,yu liu,1.0,0,
Yu David Liu,Yu Liu 0079,yu liu,yu liu,1.0,0,
Yu David Liu,Yu Liu 0090,yu liu,yu liu,1.0,0,
XiaoFeng Wang 0001,Xiaofeng Wang 0001,xiaofeng wang,xiaofeng wang,1.0,0,
An Chen,An Ran Chen,an chen,an chen,1.0,0,
Ze Li 0005,Ze Shi Li,ze li,ze li,1.0,0,
Michael Coblenz,Michael J. Coblenz,michael coblenz,michael coblenz,1.0,0,
Tian Huat Tan,Tian Tan 0001,tian tan,tian tan,1.0,0,
Emanuel F. Coutinho,Emanuel Ferreira Coutinho,emanuel coutinho,emanuel coutinho,1.0,0,
Andre Luís de Medeiros Santos,André Santos 0001,andre santos,andre santos,1.0,0,
Ronnie E. S. Santos,Ronnie de Souza Santos,ronnie santos,ronnie santos,1.0,0,
Ronnie Edson de Souza Santos,Ronnie de Souza Santos,ronnie santos,ronnie santos,1.0,0,
Bruno C. da Silva 0002,Bruno Castro da Silva,bruno silva,bruno silva,1.0,0,
Bruno C. da Silva 0002,Bruno da Silva 0002,bruno silva,bruno silva,1.0,0,
Bruno Castro da Silva,Bruno da Silva 0002,bruno silva,bruno silva,1.0,0,
Eduardo Bezerra da Silva,Eduardo Ferreira da Silva,eduardo silva,eduardo silva,1.0,0,
Eduardo Bezerra da Silva,Eduardo Silva 0001,eduardo silva,eduardo silva,1.0,0,
Eduardo Ferreira da Silva,Eduardo Silva 0001,eduardo silva,eduardo silva,1.0,0,
Fabio Q. B. da Silva,Fabio Queda Bueno da Silva,fabio silva,fabio silva,1.0,0,
Fabio Q. B. da Silva,Fabio Silva,fabio silva,fabio silva,1.0,0,
Fabio Queda Bueno da Silva,Fabio Silva,fabio silva,fabio silva,1.0,0,
Valeria Silva,Valéria Martins Da Silva,valeria silva,valeria silva,1.0,0,
Sebastian C. Muller,Sebastian C. Müller,sebastian muller,sebastian muller,1.0,0,
Hoang H. Nguyen,Hoang Lam Nguyen,hoang nguyen,hoang nguyen,1.0,0,
Thanh H. D. Nguyen,Thanh Van Nguyen,thanh nguyen,thanh nguyen,1.0,0,
ThanhVu H. Nguyen,ThanhVu Nguyen,thanhvu nguyen,thanhvu nguyen,1.0,0,
Timothy C. Lethbridge,Timothy Lethbridge,timothy lethbridge,timothy lethbridge,1.0,0,
MyeongSoo Kim,Myeongsoo Kim,myeongsoo kim,myeongsoo kim,1.0,0,
Kevin Guan,Kevin Z. Guan,kevin guan,kevin guan,1.0,0,
Carlos Eduardo Duarte,Carlos Henrique C. Duarte,carlos duarte,carlos duarte,1.0,0,
Francisco Duarte,Francisco J. Duarte,francisco duarte,francisco duarte,1.0,0,
Muhammad Khan,Muhammad Taimoor Khan 0001,muhammad khan,muhammad khan,1.0,0,
Emitza Guzman,Emitzá Guzmán,emitza guzman,emitza guzman,1.0,0,
Emil C. Lupu,Emil Constantine Lupu,emil lupu,emil lupu,1.0,0,
André Luíz de Oliveira,André Oliveira,andre oliveira,andre oliveira,1.0,0,
Roberto Felicio Oliveira 0003,Roberto Oliveira 0002,roberto oliveira,roberto oliveira,1.0,0,
Bernardo Estácio,Bernardo José da Silva Estácio,bernardo estacio,bernardo estacio,1.0,0,
Jose Manuel Redondo López,José Antonio Hernández López,jose lopez,jose lopez,1.0,0,
Andrew C. Rice,Andrew Rice,andrew rice,andrew rice,1.0,0,
José D'Abruzzo Pereira,José Davi Pereira,jose pereira,jose pereira,1.0,0,
Thi Dinh Tran,Thi Ngoc Trang Tran,thi tran,thi tran,1.0,0,
Rafael F. Toledo,Rafael Toledo,rafael toledo,rafael toledo,1.0,0,
Daniel A. Mayer,Daniel Mayer,daniel mayer,daniel mayer,1.0,0,
Mikael Mayer,Mikaël Mayer,mikael mayer,mikael mayer,1.0,0,
Syed Asad Ali Naqvi,Syed Naqvi,syed naqvi,syed naqvi,1.0,0,
Syed Asad Naqvi,Syed Naqvi,syed naqvi,syed naqvi,1.0,0,
Chanchal Kumar Roy,Chanchal Roy,chanchal roy,chanchal roy,1.0,0,
Rosana T. V. Braga,Rosana T. Vaccare Braga,rosana braga,rosana braga,1.0,0,
Rosana T. V. Braga,Rosana Teresinha Vaccare Braga,rosana braga,rosana braga,1.0,0,
Mauricio Finavaro Aniche,Maurício Aniche,mauricio aniche,mauricio aniche,1.0,0,
Carina Alves 0001,Carina Frota Alves,carina alves,carina alves,1.0,0,
Mika Mäntylä,Mika V. Mäntylä,mika mantyla,mika mantyla,1.0,0,
Eduardo Cunha de Almeida,Eduardo Santana De Almeida,eduardo almeida,eduardo almeida,1.0,0,
Eduardo Cunha de Almeida,Eduardo Santana de Almeida,eduardo almeida,eduardo almeida,1.0,0,
Eduardo Santana De Almeida,Eduardo Santana de Almeida,eduardo almeida,eduardo almeida,1.0,0,
Rodrigo L. A. Almeida,Rodrigo Rebouças de Almeida,rodrigo almeida,rodrigo almeida,1.0,0,
Gastón Marquez,Gastón Márquez,gaston marquez,gaston marquez,1.0,0,
Kevin J. Sullivan,Kevin Sullivan,kevin sullivan,kevin sullivan,1.0,0,
José Campos 0001,José Creissac Campos,jose campos,jose campos,1.0,0,
Everton Guimarães,Everton T. Guimarães,everton guimaraes,everton guimaraes,1.0,0,
Eduardo Figueiredo 0001,Eduardo Magno Lages Figueiredo,eduardo figueiredo,eduardo figueiredo,1.0,0,
Jan Bækgaard Pedersen,Jan Pedersen 0001,jan pedersen,jan pedersen,1.0,0,
Diego Costa 0001,Diego Elias Costa,diego costa,diego costa,1.0,0,
Heitor A. X. Costa,Heitor Augustus Xavier Costa,heitor costa,heitor costa,1.0,0,
Hermano P. de Moura,Hermano Perrelli de Moura,hermano moura,hermano moura,1.0,0,
Maria Gómez,María Gómez 0001,maria gomez,maria gomez,1.0,0,
Carolyn B. Seaman,Carolyn Seaman,carolyn seaman,carolyn seaman,1.0,0,
Dor D. Ma'ayan,Dor Ma'ayan,dor ma'ayan,dor ma'ayan,1.0,0,
Márcio E. Delamaro,Márcio Eduardo Delamaro,marcio delamaro,marcio delamaro,1.0,0,
Thomas Hildebrandt,Thomas T. Hildebrandt,thomas hildebrandt,thomas hildebrandt,1.0,0,
William J. Martin,William Martin 0005,william martin,william martin,1.0,0,
Carla I. M. Bezerra,Carla Ilane Moreira Bezerra,carla bezerra,carla bezerra,1.0,0,
Razieh L. Saremi,Razieh Lotfalian Saremi,razieh saremi,razieh saremi,1.0,0,
Filipe F. Correia,Filipe Figueiredo Correia,filipe correia,filipe correia,1.0,0,
Heinz Schmidt,Heinz W. Schmidt,heinz schmidt,heinz schmidt,1.0,0,
Toby C. Murray,Toby Murray,toby murray,toby murray,1.0,0,
Thomas Kuhn 0001,Thomas Kühn 0001,thomas kuhn,thomas kuhn,1.0,0,
Md. Mehedi Hasan,Md. Tanvir Hasan,md. hasan,md. hasan,1.0,0,
Patrícia G. F. Matsubara,Patrícia Gomes Fernandes Matsubara,patricia matsubara,patricia matsubara,1.0,0,
Eduardo Guerra 0001,Eduardo Martins Guerra,eduardo guerra,eduardo guerra,1.0,0,
Luiz Pedro Franciscatto Guerra,Luiz Pedro Guerra,luiz guerra,luiz guerra,1.0,0,
Fatemeh H. Fard,Fatemeh Hendijani Fard,fatemeh fard,fatemeh fard,1.0,0,
Paul Anderson 0001,Paul V. Anderson,paul anderson,paul anderson,1.0,0,
Vânia Neves,Vânia de Oliveira Neves,vania neves,vania neves,1.0,0,
Mircea Filip Lungu,Mircea Lungu,mircea lungu,mircea lungu,1.0,0,
Aditya Mathur,Aditya P. Mathur,aditya mathur,aditya mathur,1.0,0,
Breno B. N. de França,Breno Bernard Nicolau de França,breno franca,breno franca,1.0,0,
Breno B. N. de França,Breno de França,breno franca,breno franca,1.0,0,
Breno Bernard Nicolau de França,Breno de França,breno franca,breno franca,1.0,0,
Bruno B. P. Cafeo,Bruno Barbieri Pontes Cafeo,bruno cafeo,bruno cafeo,1.0,0,
Markus Alexander Kuppe,Markus Kuppe 0001,markus kuppe,markus kuppe,1.0,0,
Stephen Fink,Stephen J. Fink,stephen fink,stephen fink,1.0,0,
Davide G. Cavezza,Davide Giacomo Cavezza,davide cavezza,davide cavezza,1.0,0,
Ana Allian,Ana Paula Allian,ana allian,ana allian,1.0,0,
Flávio E. A. Horita,Flávio Eduardo Aoki Horita,flavio horita,flavio horita,1.0,0,
Marcel Oliveira,Marcela P. Oliveira,marcel oliveira,marcela oliveira,0.968,0,
Cheng-Gang Bai,Chenggang Bai,cheng-gang bai,chenggang bai,0.963,0,
Heqing Huang 0002,Zheqing Huang,heqing huang,zheqing huang,0.96,0,
Haibin Zheng,Haibing Zheng,haibin zheng,haibing zheng,0.96,0,
Sathish Kumar,Satish Kumar,sathish kumar,satish kumar,0.96,0,
Tae-young Kim,Taeyoung Kim,tae-young kim,taeyoung kim,0.96,0,
Andre Arcuri,Andrea Arcuri,andre arcuri,andrea arcuri,0.96,0,
Michael Young,Michal Young,michael young,michal young,0.96,0,
Xinyue Zhang,Xiyue Zhang 0001,xinyue zhang,xiyue zhang,0.957,0,
Yichen Wang,Yicheng Wang,yichen wang,yicheng wang,0.957,0,
Yichen Wang 0004,Yicheng Wang,yichen wang,yicheng wang,0.957,0,
Zhengxian Li,Zhengxin Li,zhengxian li,zhengxin li,0.957,0,
Marcio N. P. Silva,Marco Aurélio Graciotto Silva,marcio silva,marco silva,0.957,0,
Hongyan Gao,Hongyang Gao,hongyan gao,hongyang gao,0.957,0,
Hoan Anh Nguyen,Hoang H. Nguyen,hoan nguyen,hoang nguyen,0.957,0,
Hoan Anh Nguyen,Hoang Lam Nguyen,hoan nguyen,hoang nguyen,0.957,0,
Hoan Nguyen,Hoang H. Nguyen,hoan nguyen,hoang nguyen,0.957,0,
Hoan Nguyen,Hoang Lam Nguyen,hoan nguyen,hoang nguyen,0.957,0,
Thien Nguyen 0001,Tien N. Nguyen,thien nguyen,tien nguyen,0.957,0,
Mohamed Ali,Mohammed Fahad Ali,mohamed ali,mohammed ali,0.957,0,
Aakash Ahmad,Akash Ahmad,aakash ahmad,akash ahmad,0.957,0,
Chen Zhang,Cheng Zhang,chen zhang,cheng zhang,0.952,0,
Chen Zhang,Cheng Zhang 0010,chen zhang,cheng zhang,0.952,0,
Hang Zhang 0012,Zhang Zhang 0005,hang zhang,zhang zhang,0.952,0,
Xiyu Zhang 0002,Xiyue Zhang 0001,xiyu zhang,xiyue zhang,0.952,0,
Zhiyi Zhang 0004,Ziyi Zhang,zhiyi zhang,ziyi zhang,0.952,0,
Yuan Huang 0002,Yutan Huang,yuan huang,yutan huang,0.952,0,
Shuang Liu 0007,Shuyang Liu,shuang liu,shuyang liu,0.952,0,
Xingyu Wang,Xinyu Wang 0001,xingyu wang,xinyu wang,0.952,0,
Xingyu Wang,Xinyu Wang 0006,xingyu wang,xinyu wang,0.952,0,
Zheming Li,Zhenming Li,zheming li,zhenming li,0.952,0,
Zhengxi Li,Zhengxin Li,zhengxi li,zhengxin li,0.952,0,
Md Mahbubur Rahman,Md. Rayhanur Rahman,md rahman,md. rahman,0.947,0,
Md Mahbubur Rahman,Md. Rezaur Rahman,md rahman,md. rahman,0.947,0,
Chaohua Wu,Haohua Wu,chaohua wu,haohua wu,0.947,0,
Lin Jiang,Ling Jiang,lin jiang,ling jiang,0.947,0,
Lin Jiang 0002,Ling Jiang,lin jiang,ling jiang,0.947,0,
Jingwei Xu 0001,Jinwei Xu,jingwei xu,jinwei xu,0.947,0,
Liang Xiao 0004,Ling Xiao,liang xiao,ling xiao,0.947,0,
Chao Zhang 0008,Hao Zhang 0008,chao zhang,hao zhang,0.947,0,
Chao Zhang 0008,Hao Zhang 0085,chao zhang,hao zhang,0.947,0,
Hao Zhang 0008,Zhao Zhang,hao zhang,zhao zhang,0.947,0,
Hao Zhang 0085,Zhao Zhang,hao zhang,zhao zhang,0.947,0,
Jian Zhang,Jin Zhang 0003,jian zhang,jin zhang,0.947,0,
Jian Zhang 0001,Jin Zhang 0003,jian zhang,jin zhang,0.947,0,
Jian Zhang 0016,Jin Zhang 0003,jian zhang,jin zhang,0.947,0,
Jian Zhang 0087,Jin Zhang 0003,jian zhang,jin zhang,0.947,0,
Xin Zhang,Xing Zhang,xin zhang,xing zhang,0.947,0,
Xin Zhang 0035,Xing Zhang,xin zhang,xing zhang,0.947,0,
Yan Zhang,Yang Zhang,yan zhang,yang zhang,0.947,0,
Yan Zhang,Yang Zhang 0021,yan zhang,yang zhang,0.947,0,
Yan Zhang,Yang Zhang 0026,yan zhang,yang zhang,0.947,0,
Yan Zhang,Yang Zhang 0037,yan zhang,yang zhang,0.947,0,
Yan Zhang,Yuan Zhang 0009,yan zhang,yuan zhang,0.947,0,
Yuan Zhang 0009,Yun Zhang 0011,yuan zhang,yun zhang,0.947,0,
Yue Zhang 0025,Yule Zhang,yue zhang,yule zhang,0.947,0,
Yue Zhang 0051,Yule Zhang,yue zhang,yule zhang,0.947,0,
Xinyu Liu,Xinyue Liu 0005,xinyu liu,xinyue liu,0.947,0,
Chong Wang,Cong Wang 0020,chong wang,cong wang,0.947,0,
Chong Wang 0013,Cong Wang 0020,chong wang,cong wang,0.947,0,
Jian Wang 0067,Jiang Wang,jian wang,jiang wang,0.947,0,
Jiang Wang,Jing Wang,jiang wang,jing wang,0.947,0,
Xiao Wang 0030,Xizao Wang,xiao wang,xizao wang,0.947,0,
Zhen Wang,Zheng Wang 0001,zhen wang,zheng wang,0.947,0,
Zhen Wang 0013,Zheng Wang 0001,zhen wang,zheng wang,0.947,0,
Chen Chen 0001,Cheng Chen,chen chen,cheng chen,0.947,0,
Yuan Chen,Yupan Chen,yuan chen,yupan chen,0.947,0,
Yueqi Chen 0001,Yuqi Chen 0001,yueqi chen,yuqi chen,0.947,0,
Yuan Zhou 0005,Yunan Zhou,yuan zhou,yunan zhou,0.947,0,
Jungho Kim,Junho Kim,jungho kim,junho kim,0.947,0,
Chao Yang 0016,Hao Yang 0006,chao yang,hao yang,0.941,0,
Dan Yang 0001,Dian Yang,dan yang,dian yang,0.941,0,
Hao Yang 0006,Shao Yang,hao yang,shao yang,0.941,0,
Zhen Yan,Zheng Yan 0002,zhen yan,zheng yan,0.941,0,
Baowen Xu,Bowen Xu,baowen xu,bowen xu,0.941,0,
Jinwei Xu,Jiwei Xu,jinwei xu,jiwei xu,0.941,0,
Yan Xiao 0002,Yang Xiao 0011,yan xiao,yang xiao,0.941,0,
Lei Zhang,Li Zhang 0029,lei zhang,li zhang,0.941,0,
Lei Zhang 0078,Li Zhang 0029,lei zhang,li zhang,0.941,0,
Lei Zhang 0096,Li Zhang 0029,lei zhang,li zhang,0.941,0,
Ru Zhang,Rui Zhang,ru zhang,rui zhang,0.941,0,
Xi Zhang,Xin Zhang,xi zhang,xin zhang,0.941,0,
Xi Zhang,Xin Zhang 0035,xi zhang,xin zhang,0.941,0,
Yu Zhang 0030,Yue Zhang 0025,yu zhang,yue zhang,0.941,0,
Yu Zhang 0030,Yue Zhang 0051,yu zhang,yue zhang,0.941,0,
Yu Zhang 0030,Yun Zhang 0011,yu zhang,yun zhang,0.941,0,
Yu Zhang 0036,Yue Zhang 0025,yu zhang,yue zhang,0.941,0,
Yu Zhang 0036,Yue Zhang 0051,yu zhang,yue zhang,0.941,0,
Yu Zhang 0036,Yun Zhang 0011,yu zhang,yun zhang,0.941,0,
Yu Zhang 0177,Yue Zhang 0025,yu zhang,yue zhang,0.941,0,
Yu Zhang 0177,Yue Zhang 0051,yu zhang,yue zhang,0.941,0,
Yu Zhang 0177,Yun Zhang 0011,yu zhang,yun zhang,0.941,0,
Yu Huang,Yue Huang,yu huang,yue huang,0.941,0,
Yu Huang 0015,Yue Huang,yu huang,yue huang,0.941,0,
Zhibo Liu,Zibo Liu,zhibo liu,zibo liu,0.941,0,
Chao Wang,Hao Wang 0112,chao wang,hao wang,0.941,0,
Chao Wang 0001,Hao Wang 0112,chao wang,hao wang,0.941,0,
Chao Wang 0113,Hao Wang 0112,chao wang,hao wang,0.941,0,
Han Wang 0023,Huan Wang,han wang,huan wang,0.941,0,
Yan Wang,Yang Wang 0049,yan wang,yang wang,0.941,0,
Yan Wang,Yang Wang 0167,yan wang,yang wang,0.941,0,
Yan Wang,Yuan Wang 0008,yan wang,yuan wang,0.941,0,
Yan Wang 0125,Yang Wang 0049,yan wang,yang wang,0.941,0,
Yan Wang 0125,Yang Wang 0167,yan wang,yang wang,0.941,0,
Yan Wang 0125,Yuan Wang 0008,yan wang,yuan wang,0.941,0,
Ang Chen 0001,Kang Chen,ang chen,kang chen,0.941,0,
Ang Chen 0001,Yang Chen,ang chen,yang chen,0.941,0,
Ang Chen 0001,Yang Chen 0059,ang chen,yang chen,0.941,0,
Chao Chen,Hao Chen,chao chen,hao chen,0.941,0,
Zeheng Li,Zheng Li 0001,zeheng li,zheng li,0.941,0,
Zeheng Li,Zheng Li 0035,zeheng li,zheng li,0.941,0,
Zhihao Li,Zihao Li 0001,zhihao li,zihao li,0.941,0,
Ang Zhou,Fang Zhou,ang zhou,fang zhou,0.941,0,
Yan Zhou,Yuan Zhou 0005,yan zhou,yuan zhou,0.941,0,
Jian Dong 0010,Jin Song Dong 0001,jian dong,jin dong,0.941,0,
Shafiul Azam Chowdhury,Shaiful Alam Chowdhury,shafiul chowdhury,shaiful chowdhury,0.941,0,
Alexander Bartel,Alexandre Bartel,alexander bartel,alexandre bartel,0.938,0,
Mohammad Hossain,Muhammad M. Hossain,mohammad hossain,muhammad hossain,0.938,0,
Lin Shi 0006,Ling Shi 0002,lin shi,ling shi,0.933,0,
Li Yang,Lin Yang 0030,li yang,lin yang,0.933,0,
Xinya Wu,Xiya Wu,xinya wu,xiya wu,0.933,0,
Liang Xu,Ling Xu,liang xu,ling xu,0.933,0,
Ya Xiao 0002,Yan Xiao 0002,ya xiao,yan xiao,0.933,0,
Chao Liu 0002,Hao Liu,chao liu,hao liu,0.933,0,
Chao Liu 0002,Hao Liu 0003,chao liu,hao liu,0.933,0,
Chao Liu 0014,Hao Liu,chao liu,hao liu,0.933,0,
Chao Liu 0014,Hao Liu 0003,chao liu,hao liu,0.933,0,
Chao Liu 0032,Hao Liu,chao liu,hao liu,0.933,0,
Chao Liu 0032,Hao Liu 0003,chao liu,hao liu,0.933,0,
Huai Liu,Hui Liu,huai liu,hui liu,0.933,0,
Huai Liu,Hui Liu 0003,huai liu,hui liu,0.933,0,
Huai Liu,Hui Liu 0052,huai liu,hui liu,0.933,0,
Jia Liu,Jian Liu,jia liu,jian liu,0.933,0,
Jia Liu,Jian Liu 0008,jia liu,jian liu,0.933,0,
Yan Liu,Yang Liu,yan liu,yang liu,0.933,0,
Yan Liu,Yang Liu 0088,yan liu,yang liu,0.933,0,
Yan Liu 0001,Yang Liu,yan liu,yang liu,0.933,0,
Yan Liu 0001,Yang Liu 0003,yan liu,yang liu,0.933,0,
Yan Liu 0001,Yang Liu 0088,yan liu,yang liu,0.933,0,
Ji Wang 0001,Jie Wang,ji wang,jie wang,0.933,0,
Ji Wang 0001,Jie Wang 0033,ji wang,jie wang,0.933,0,
Ji Wang 0001,Jie Wang 0035,ji wang,jie wang,0.933,0,
Ji Wang 0001,Jie Wang 0110,ji wang,jie wang,0.933,0,
Lei Wang 0031,Li Wang,lei wang,li wang,0.933,0,
Li Wang,Liu Wang 0002,li wang,liu wang,0.933,0,
Liu Wang 0002,Lu Wang,liu wang,lu wang,0.933,0,
Liu Wang 0002,Lu Wang 0014,liu wang,lu wang,0.933,0,
An Chen,Ang Chen 0001,an chen,ang chen,0.933,0,
An Ran Chen,Ang Chen 0001,an chen,ang chen,0.933,0,
Heng Li 0007,Zheng Li 0001,heng li,zheng li,0.933,0,
Heng Li 0007,Zheng Li 0035,heng li,zheng li,0.933,0,
Heng Li 0008,Zheng Li 0001,heng li,zheng li,0.933,0,
Heng Li 0008,Zheng Li 0035,heng li,zheng li,0.933,0,
Hong Li 0004,Zhong Li,hong li,zhong li,0.933,0,
Hong Li 0004,Zhong Li 0002,hong li,zhong li,0.933,0,
Xian Li,Xiang Li,xian li,xiang li,0.933,0,
Xian Li,Xiang Li 0078,xian li,xiang li,0.933,0,
Zhao Li 0007,Zihao Li 0001,zhao li,zihao li,0.933,0,
Zhen Li 0005,Zheng Li 0001,zhen li,zheng li,0.933,0,
Zhen Li 0005,Zheng Li 0035,zhen li,zheng li,0.933,0,
Zhen Li 0027,Zheng Li 0001,zhen li,zheng li,0.933,0,
Zhen Li 0027,Zheng Li 0035,zhen li,zheng li,0.933,0,
Yu Zhao 0010,Yue Zhao 0011,yu zhao,yue zhao,0.933,0,
You Zhou,Yu Zhou 0010,you zhou,yu zhou,0.933,0,
Youn Kyu Lee,Yun Young Lee,youn lee,yun lee,0.933,0,
Yu Ding,Yun Ding,yu ding,yun ding,0.933,0,
Ju Qian,Jun Qian,ju qian,jun qian,0.933,0,
Xiaodong Zhang,Xiaohong Zhang 0002,xiaodong zhang,xiaohong zhang,0.929,0,
Xiaodong Zhang,Xiaosong Zhang 0001,xiaodong zhang,xiaosong zhang,0.929,0,
Xiaodong Zhang 0014,Xiaohong Zhang 0002,xiaodong zhang,xiaohong zhang,0.929,0,
Xiaodong Zhang 0014,Xiaosong Zhang 0001,xiaodong zhang,xiaosong zhang,0.929,0,
Xiaohong Zhang 0002,Xiaosong Zhang 0001,xiaohong zhang,xiaosong zhang,0.929,0,
Marcela G. dos Santos,Marcelo Nery dos Santos,marcela santos,marcelo santos,0.929,0,
Chenyang Yang 0002,Chenyuan Yang,chenyang yang,chenyuan yang,0.923,0,
Yu Sun 0002,Yue Sun,yu sun,yue sun,0.923,0,
Chao Wu,Hao Wu,chao wu,hao wu,0.923,0,
Chao Wu,Hao Wu 0017,chao wu,hao wu,0.923,0,
Jian Wu 0001,Jin Wu,jian wu,jin wu,0.923,0,
Jin Wu,Jing Wu 0021,jin wu,jing wu,0.923,0,
Bicheng Zhang,Zicheng Zhang,bicheng zhang,zicheng zhang,0.923,0,
Mingxue Zhang 0001,Mingyue Zhang 0002,mingxue zhang,mingyue zhang,0.923,0,
Xueling Zhang,Yueling Zhang,xueling zhang,yueling zhang,0.923,0,
Xu Liu 0001,Xue Liu 0001,xu liu,xue liu,0.923,0,
Yu David Liu,Yue Liu 0010,yu liu,yue liu,0.923,0,
Yu David Liu,Yue Liu 0011,yu liu,yue liu,0.923,0,
Yu Liu,Yue Liu 0010,yu liu,yue liu,0.923,0,
Yu Liu,Yue Liu 0011,yu liu,yue liu,0.923,0,
Yu Liu 0079,Yue Liu 0010,yu liu,yue liu,0.923,0,
Yu Liu 0079,Yue Liu 0011,yu liu,yue liu,0.923,0,
Yu Liu 0090,Yue Liu 0010,yu liu,yue liu,0.923,0,
Yu Liu 0090,Yue Liu 0011,yu liu,yue liu,0.923,0,
Shisong Wang,Shuaisong Wang,shisong wang,shuaisong wang,0.923,0,
Bin Li 0006,Bing Li 0010,bin li,bing li,0.923,0,
Xia Li 0009,Xian Li,xia li,xian li,0.923,0,
Yan Li 0077,Yang Li,yan li,yang li,0.923,0,
Yan Li 0077,Yang Li 0215,yan li,yang li,0.923,0,
He Tan,Hee Beng Kuan Tan,he tan,hee tan,0.923,0,
Thanh H. D. Nguyen,ThanhVu H. Nguyen,thanh nguyen,thanhvu nguyen,0.923,0,
Thanh H. D. Nguyen,ThanhVu Nguyen,thanh nguyen,thanhvu nguyen,0.923,0,
Thanh Van Nguyen,ThanhVu H. Nguyen,thanh nguyen,thanhvu nguyen,0.923,0,
Thanh Van Nguyen,ThanhVu Nguyen,thanh nguyen,thanhvu nguyen,0.923,0,
Bin Yu 0001,Bing Yu,bin yu,bing yu,0.923,0,
Han Du,Hang Du,han du,hang du,0.923,0,
Lola Burgueño,Loli Burgueño,lola burgueno,loli burgueno,0.923,0,
JaeEun Choi,Jaeseung Choi 0002,jaeeun choi,jaeseung choi,0.917,0,
Sheng Cheng,Shengyu Cheng,sheng cheng,shengyu cheng,0.917,0,
Jianling Sun,Jingling Sun,jianling sun,jingling sun,0.917,0,
Bicheng Zhang,Cheng Zhang,bicheng zhang,cheng zhang,0.917,0,
Bicheng Zhang,Cheng Zhang 0010,bicheng zhang,cheng zhang,0.917,0,
Cheng Zhang,Chengyu Zhang 0001,cheng zhang,chengyu zhang,0.917,0,
Cheng Zhang,Zicheng Zhang,cheng zhang,zicheng zhang,0.917,0,
Cheng Zhang 0010,Chengyu Zhang 0001,cheng zhang,chengyu zhang,0.917,0,
Cheng Zhang 0010,Zicheng Zhang,cheng zhang,zicheng zhang,0.917,0,
Hongyi Zhang,Hongyu Zhang,hongyi zhang,hongyu zhang,0.917,0,
Hongyi Zhang,Hongyu Zhang 0002,hongyi zhang,hongyu zhang,0.917,0,
Hongyi Zhang 0001,Hongyu Zhang,hongyi zhang,hongyu zhang,0.917,0,
Hongyi Zhang 0001,Hongyu Zhang 0002,hongyi zhang,hongyu zhang,0.917,0,
Hongyu Zhang,Longyu Zhang,hongyu zhang,longyu zhang,0.917,0,
Hongyu Zhang 0002,Longyu Zhang,hongyu zhang,longyu zhang,0.917,0,
Jiyang Zhang 0003,Jiyuan Zhang,jiyang zhang,jiyuan zhang,0.917,0,
Qanjun Zhang,Yanjun Zhang,qanjun zhang,yanjun zhang,0.917,0,
Weijie Zhang,Wenjie Zhang 0001,weijie zhang,wenjie zhang,0.917,0,
Weijie Zhang,Wenjie Zhang 0007,weijie zhang,wenjie zhang,0.917,0,
Wenchi Zhang,Wenhui Zhang,wenchi zhang,wenhui zhang,0.917,0,
Xiaoyi Zhang 0005,Xiaoyu Zhang 0013,xiaoyi zhang,xiaoyu zhang,0.917,0,
Zhenya Zhang,Zhenyu Zhang 0004,zhenya zhang,zhenyu zhang,0.917,0,
Huaijin Wang 0001,Huaimin Wang 0001,huaijin wang,huaimin wang,0.917,0,
Kaixuan Wang,Kaiyuan Wang,kaixuan wang,kaiyuan wang,0.917,0,
Xiaolei Wang,Xiaolin Wang,xiaolei wang,xiaolin wang,0.917,0,
Xiaolin Wang,Xiaoyin Wang,xiaolin wang,xiaoyin wang,0.917,0,
Yuepeng Wang 0001,Yunpeng Wang,yuepeng wang,yunpeng wang,0.917,0,
Haiming Chen 0001,Huaming Chen,haiming chen,huaming chen,0.917,0,
Jianhui Chen,Jinghui Chen,jianhui chen,jinghui chen,0.917,0,
Zhiyang Chen 0004,Zhiyuan Chen 0006,zhiyang chen,zhiyuan chen,0.917,0,
Hucheng Zhou,Husheng Zhou,hucheng zhou,husheng zhou,0.917,0,
Cuong Nguyen 0001,Vuong Nguyen,cuong nguyen,vuong nguyen,0.917,0,
Hung Viet Nguyen,Phuong T. Nguyen 0001,hung nguyen,phuong nguyen,0.917,0,
Hung Viet Nguyen,Phuong Thanh Nguyen 0001,hung nguyen,phuong nguyen,0.917,0,
Mohammad Ali 0002,Mohammed Fahad Ali,mohammad ali,mohammed ali,0.917,0,
Amin Alipour,Mina Alipour,amin alipour,mina alipour,0.917,0,
Marcelo Santana Costa,Marco Rodrigo Costa,marcelo costa,marco costa,0.917,0,
Marcela Ruiz,Marcelo Ruiz,marcela ruiz,marcelo ruiz,0.917,0,
Hyunseok Jeon,Yuseok Jeon,hyunseok jeon,yuseok jeon,0.917,0,
Alejandro J. Bianchi,Alessandro Bianchi,alejandro bianchi,alessandro bianchi,0.914,0,
Jianmei Guo,Jianmin Guo,jianmei guo,jianmin guo,0.909,0,
Liang Cheng 0004,Xiang Cheng,liang cheng,xiang cheng,0.909,0,
Ji Wu 0003,Jin Wu,ji wu,jin wu,0.909,0,
Chao Zhang 0008,Xuchao Zhang,chao zhang,xuchao zhang,0.909,0,
Chen Zhang,Chenxi Zhang,chen zhang,chenxi zhang,0.909,0,
Feng Zhang 0001,Yufeng Zhang 0001,feng zhang,yufeng zhang,0.909,0,
Fuyuan Zhang,Yuan Zhang 0009,fuyuan zhang,yuan zhang,0.909,0,
Huxing Zhang,Xing Zhang,huxing zhang,xing zhang,0.909,0,
Jian Zhang,Jiaxin Zhang 0029,jian zhang,jiaxin zhang,0.909,0,
Jian Zhang,Jiyang Zhang 0003,jian zhang,jiyang zhang,0.909,0,
Jian Zhang,Jiyuan Zhang,jian zhang,jiyuan zhang,0.909,0,
Jian Zhang 0001,Jiaxin Zhang 0029,jian zhang,jiaxin zhang,0.909,0,
Jian Zhang 0001,Jiyang Zhang 0003,jian zhang,jiyang zhang,0.909,0,
Jian Zhang 0001,Jiyuan Zhang,jian zhang,jiyuan zhang,0.909,0,
Jian Zhang 0016,Jiaxin Zhang 0029,jian zhang,jiaxin zhang,0.909,0,
Jian Zhang 0016,Jiyang Zhang 0003,jian zhang,jiyang zhang,0.909,0,
Jian Zhang 0016,Jiyuan Zhang,jian zhang,jiyuan zhang,0.909,0,
Jian Zhang 0087,Jiaxin Zhang 0029,jian zhang,jiaxin zhang,0.909,0,
Jian Zhang 0087,Jiyang Zhang 0003,jian zhang,jiyang zhang,0.909,0,
Jian Zhang 0087,Jiyuan Zhang,jian zhang,jiyuan zhang,0.909,0,
Jiyang Zhang 0003,Yang Zhang,jiyang zhang,yang zhang,0.909,0,
Jiyang Zhang 0003,Yang Zhang 0021,jiyang zhang,yang zhang,0.909,0,
Jiyang Zhang 0003,Yang Zhang 0026,jiyang zhang,yang zhang,0.909,0,
Jiyang Zhang 0003,Yang Zhang 0037,jiyang zhang,yang zhang,0.909,0,
Jiyuan Zhang,Yuan Zhang 0009,jiyuan zhang,yuan zhang,0.909,0,
Long Zhang,Longyu Zhang,long zhang,longyu zhang,0.909,0,
Meng Zhang,Mengya Zhang,meng zhang,mengya zhang,0.909,0,
Meng Zhang 0025,Mengya Zhang,meng zhang,mengya zhang,0.909,0,
Qian Zhang 0020,Ruqian Zhang,qian zhang,ruqian zhang,0.909,0,
Tian Zhang 0001,Tianyi Zhang,tian zhang,tianyi zhang,0.909,0,
Tian Zhang 0001,Tianyi Zhang 0001,tian zhang,tianyi zhang,0.909,0,
Xiaoyu Zhang 0013,Xiyu Zhang 0002,xiaoyu zhang,xiyu zhang,0.909,0,
Xinyue Zhang,Xiyu Zhang 0002,xinyue zhang,xiyu zhang,0.909,0,
Yakun Zhang 0001,Yukun Zhang,yakun zhang,yukun zhang,0.909,0,
Yifei Zhang 0001,Yiwei Zhang,yifei zhang,yiwei zhang,0.909,0,
Ying Zhang 0066,Yingyi Zhang,ying zhang,yingyi zhang,0.909,0,
Yingyi Zhang,Yini Zhang,yingyi zhang,yini zhang,0.909,0,
Yukun Zhang,Yuqun Zhang,yukun zhang,yuqun zhang,0.909,0,
Yumin Zhang,Yuxin Zhang,yumin zhang,yuxin zhang,0.909,0,
Yuxia Zhang,Yuxin Zhang,yuxia zhang,yuxin zhang,0.909,0,
Heqing Huang 0002,Qing Huang,heqing huang,qing huang,0.909,0,
Chenxu Wang 0001,Chenyu Wang 0005,chenxu wang,chenyu wang,0.909,0,
Chenyu Wang 0005,Zhenyu Wang,chenyu wang,zhenyu wang,0.909,0,
Chong Wang,Zichong Wang,chong wang,zichong wang,0.909,0,
Chong Wang 0013,Zichong Wang,chong wang,zichong wang,0.909,0,
Hanlin Wang,Yanlin Wang 0001,hanlin wang,yanlin wang,0.909,0,
Jingyi Wang 0004,Jingyu Wang 0001,jingyi wang,jingyu wang,0.909,0,
Jingyu Wang 0001,Xingyu Wang,jingyu wang,xingyu wang,0.909,0,
